,patt_id,norm_power_mW_of_MultiStimulator,APC
0,0,2.5e-05,0
0,0,0.0001,0
0,0,0.0004,0
0,0,0.0016,0
0,1,2.5e-05,0
0,1,0.0001,0
0,1,0.0004,0
0,1,0.0016,0
0,2,2.5e-05,0
0,2,0.0001,0
0,2,0.0004,0
0,2,0.0016,0
0,3,2.5e-05,0
0,3,0.0001,0
0,3,0.0004,0
0,3,0.0016,0
0,4,2.5e-05,0
0,4,0.0001,0
0,4,0.0004,0
0,4,0.0016,0
0,5,2.5e-05,0
0,5,0.0001,0
0,5,0.0004,0
0,5,0.0016,0
0,6,2.5e-05,0
0,6,0.0001,0
0,6,0.0004,0
0,6,0.0016,0
0,7,2.5e-05,0
0,7,0.0001,0
0,7,0.0004,0
0,7,0.0016,0
0,8,2.5e-05,0
0,8,0.0001,0
0,8,0.0004,0
0,8,0.0016,0
0,9,2.5e-05,0
0,9,0.0001,0
0,9,0.0004,0
0,9,0.0016,0
0,10,2.5e-05,0
0,10,0.0001,0
0,10,0.0004,0
0,10,0.0016,0
0,11,2.5e-05,0
0,11,0.0001,0
0,11,0.0004,0
0,11,0.0016,0
0,12,2.5e-05,0
0,12,0.0001,0
0,12,0.0004,0
0,12,0.0016,0
0,13,2.5e-05,0
0,13,0.0001,0
0,13,0.0004,0
0,13,0.0016,0
0,14,2.5e-05,0
0,14,0.0001,0
0,14,0.0004,0
0,14,0.0016,0
0,15,2.5e-05,0
0,15,0.0001,0
0,15,0.0004,0
0,15,0.0016,0
0,16,2.5e-05,0
0,16,0.0001,0
0,16,0.0004,0
0,16,0.0016,0
0,17,2.5e-05,0
0,17,0.0001,0
0,17,0.0004,0
0,17,0.0016,0
0,18,2.5e-05,0
0,18,0.0001,0
0,18,0.0004,0
0,18,0.0016,0
0,19,2.5e-05,0
0,19,0.0001,0
0,19,0.0004,0
0,19,0.0016,0
0,20,2.5e-05,0
0,20,0.0001,0
0,20,0.0004,0
0,20,0.0016,0
0,21,2.5e-05,0
0,21,0.0001,0
0,21,0.0004,0
0,21,0.0016,0
0,22,2.5e-05,0
0,22,0.0001,0
0,22,0.0004,0
0,22,0.0016,0
0,23,2.5e-05,0
0,23,0.0001,0
0,23,0.0004,0
0,23,0.0016,0
0,24,2.5e-05,0
0,24,0.0001,0
0,24,0.0004,0
0,24,0.0016,0
0,25,2.5e-05,0
0,25,0.0001,0
0,25,0.0004,0
0,25,0.0016,0
0,26,2.5e-05,0
0,26,0.0001,0
0,26,0.0004,0
0,26,0.0016,0
0,27,2.5e-05,0
0,27,0.0001,0
0,27,0.0004,0
0,27,0.0016,0
0,28,2.5e-05,0
0,28,0.0001,0
0,28,0.0004,0
0,28,0.0016,0
0,29,2.5e-05,0
0,29,0.0001,0
0,29,0.0004,0
0,29,0.0016,0
0,30,2.5e-05,0
0,30,0.0001,0
0,30,0.0004,0
0,30,0.0016,0
0,31,2.5e-05,0
0,31,0.0001,0
0,31,0.0004,0
0,31,0.0016,0
0,32,2.5e-05,0
0,32,0.0001,0
0,32,0.0004,0
0,32,0.0016,0
0,33,2.5e-05,0
0,33,0.0001,0
0,33,0.0004,0
0,33,0.0016,0
0,34,2.5e-05,0
0,34,0.0001,0
0,34,0.0004,0
0,34,0.0016,0
0,35,2.5e-05,0
0,35,0.0001,0
0,35,0.0004,0
0,35,0.0016,0
0,36,2.5e-05,0
0,36,0.0001,0
0,36,0.0004,0
0,36,0.0016,0
0,37,2.5e-05,0
0,37,0.0001,0
0,37,0.0004,0
0,37,0.0016,0
0,38,2.5e-05,0
0,38,0.0001,0
0,38,0.0004,0
0,38,0.0016,0
0,39,2.5e-05,0
0,39,0.0001,0
0,39,0.0004,0
0,39,0.0016,0
0,40,2.5e-05,0
0,40,0.0001,0
0,40,0.0004,0
0,40,0.0016,0
0,41,2.5e-05,0
0,41,0.0001,0
0,41,0.0004,0
0,41,0.0016,0
0,42,2.5e-05,0
0,42,0.0001,0
0,42,0.0004,0
0,42,0.0016,0
0,43,2.5e-05,0
0,43,0.0001,0
0,43,0.0004,0
0,43,0.0016,0
0,44,2.5e-05,0
0,44,0.0001,0
0,44,0.0004,0
0,44,0.0016,0
0,45,2.5e-05,0
0,45,0.0001,0
0,45,0.0004,0
0,45,0.0016,0
0,46,2.5e-05,0
0,46,0.0001,0
0,46,0.0004,0
0,46,0.0016,0
0,47,2.5e-05,0
0,47,0.0001,0
0,47,0.0004,0
0,47,0.0016,0
0,48,2.5e-05,0
0,48,0.0001,0
0,48,0.0004,0
0,48,0.0016,0
0,49,2.5e-05,0
0,49,0.0001,0
0,49,0.0004,0
0,49,0.0016,0
0,50,2.5e-05,0
0,50,0.0001,0
0,50,0.0004,0
0,50,0.0016,0
0,51,2.5e-05,0
0,51,0.0001,0
0,51,0.0004,0
0,51,0.0016,0
0,52,2.5e-05,0
0,52,0.0001,0
0,52,0.0004,0
0,52,0.0016,0
0,53,2.5e-05,0
0,53,0.0001,0
0,53,0.0004,0
0,53,0.0016,0
0,54,2.5e-05,0
0,54,0.0001,0
0,54,0.0004,0
0,54,0.0016,0
0,55,2.5e-05,0
0,55,0.0001,0
0,55,0.0004,0
0,55,0.0016,0
0,56,2.5e-05,0
0,56,0.0001,0
0,56,0.0004,0
0,56,0.0016,0
0,57,2.5e-05,0
0,57,0.0001,0
0,57,0.0004,0
0,57,0.0016,0
0,58,2.5e-05,0
0,58,0.0001,0
0,58,0.0004,0
0,58,0.0016,0
0,59,2.5e-05,0
0,59,0.0001,0
0,59,0.0004,0
0,59,0.0016,0
0,60,2.5e-05,0
0,60,0.0001,0
0,60,0.0004,0
0,60,0.0016,0
0,61,2.5e-05,0
0,61,0.0001,0
0,61,0.0004,0
0,61,0.0016,0
0,62,2.5e-05,0
0,62,0.0001,0
0,62,0.0004,0
0,62,0.0016,0
0,63,2.5e-05,0
0,63,0.0001,0
0,63,0.0004,0
0,63,0.0016,0
0,64,2.5e-05,0
0,64,0.0001,0
0,64,0.0004,0
0,64,0.0016,0
0,65,2.5e-05,0
0,65,0.0001,0
0,65,0.0004,0
0,65,0.0016,0
0,66,2.5e-05,0
0,66,0.0001,0
0,66,0.0004,0
0,66,0.0016,0
0,67,2.5e-05,0
0,67,0.0001,0
0,67,0.0004,0
0,67,0.0016,0
0,68,2.5e-05,0
0,68,0.0001,0
0,68,0.0004,0
0,68,0.0016,0
0,69,2.5e-05,0
0,69,0.0001,0
0,69,0.0004,0
0,69,0.0016,0
0,70,2.5e-05,0
0,70,0.0001,0
0,70,0.0004,0
0,70,0.0016,0
0,71,2.5e-05,0
0,71,0.0001,0
0,71,0.0004,0
0,71,0.0016,0
0,72,2.5e-05,0
0,72,0.0001,0
0,72,0.0004,0
0,72,0.0016,0
0,73,2.5e-05,0
0,73,0.0001,0
0,73,0.0004,0
0,73,0.0016,0
0,74,2.5e-05,0
0,74,0.0001,0
0,74,0.0004,0
0,74,0.0016,0
0,75,2.5e-05,0
0,75,0.0001,0
0,75,0.0004,0
0,75,0.0016,0
0,76,2.5e-05,0
0,76,0.0001,0
0,76,0.0004,0
0,76,0.0016,0
0,77,2.5e-05,0
0,77,0.0001,0
0,77,0.0004,0
0,77,0.0016,1
0,78,2.5e-05,0
0,78,0.0001,0
0,78,0.0004,0
0,78,0.0016,1
0,79,2.5e-05,0
0,79,0.0001,0
0,79,0.0004,0
0,79,0.0016,1
0,80,2.5e-05,0
0,80,0.0001,0
0,80,0.0004,0
0,80,0.0016,0
0,81,2.5e-05,0
0,81,0.0001,0
0,81,0.0004,0
0,81,0.0016,0
0,82,2.5e-05,0
0,82,0.0001,0
0,82,0.0004,0
0,82,0.0016,0
0,83,2.5e-05,0
0,83,0.0001,0
0,83,0.0004,0
0,83,0.0016,0
0,84,2.5e-05,0
0,84,0.0001,0
0,84,0.0004,0
0,84,0.0016,0
0,85,2.5e-05,0
0,85,0.0001,0
0,85,0.0004,0
0,85,0.0016,0
0,86,2.5e-05,0
0,86,0.0001,0
0,86,0.0004,0
0,86,0.0016,0
0,87,2.5e-05,0
0,87,0.0001,0
0,87,0.0004,0
0,87,0.0016,0
0,88,2.5e-05,0
0,88,0.0001,0
0,88,0.0004,0
0,88,0.0016,0
0,89,2.5e-05,0
0,89,0.0001,0
0,89,0.0004,0
0,89,0.0016,0
0,90,2.5e-05,0
0,90,0.0001,0
0,90,0.0004,0
0,90,0.0016,0
0,91,2.5e-05,0
0,91,0.0001,0
0,91,0.0004,0
0,91,0.0016,0
0,92,2.5e-05,0
0,92,0.0001,0
0,92,0.0004,0
0,92,0.0016,0
0,93,2.5e-05,0
0,93,0.0001,0
0,93,0.0004,0
0,93,0.0016,0
0,94,2.5e-05,0
0,94,0.0001,0
0,94,0.0004,0
0,94,0.0016,0
0,95,2.5e-05,0
0,95,0.0001,0
0,95,0.0004,0
0,95,0.0016,0
0,96,2.5e-05,0
0,96,0.0001,0
0,96,0.0004,0
0,96,0.0016,1
0,97,2.5e-05,0
0,97,0.0001,0
0,97,0.0004,0
0,97,0.0016,2
0,98,2.5e-05,0
0,98,0.0001,0
0,98,0.0004,0
0,98,0.0016,2
0,99,2.5e-05,0
0,99,0.0001,0
0,99,0.0004,0
0,99,0.0016,3
0,100,2.5e-05,0
0,100,0.0001,0
0,100,0.0004,0
0,100,0.0016,3
0,101,2.5e-05,0
0,101,0.0001,0
0,101,0.0004,0
0,101,0.0016,3
0,102,2.5e-05,0
0,102,0.0001,0
0,102,0.0004,0
0,102,0.0016,2
0,103,2.5e-05,0
0,103,0.0001,0
0,103,0.0004,0
0,103,0.0016,1
0,104,2.5e-05,0
0,104,0.0001,0
0,104,0.0004,0
0,104,0.0016,0
0,105,2.5e-05,0
0,105,0.0001,0
0,105,0.0004,0
0,105,0.0016,0
0,106,2.5e-05,0
0,106,0.0001,0
0,106,0.0004,0
0,106,0.0016,0
0,107,2.5e-05,0
0,107,0.0001,0
0,107,0.0004,0
0,107,0.0016,0
0,108,2.5e-05,0
0,108,0.0001,0
0,108,0.0004,0
0,108,0.0016,0
0,109,2.5e-05,0
0,109,0.0001,0
0,109,0.0004,0
0,109,0.0016,0
0,110,2.5e-05,0
0,110,0.0001,0
0,110,0.0004,0
0,110,0.0016,0
0,111,2.5e-05,0
0,111,0.0001,0
0,111,0.0004,0
0,111,0.0016,0
0,112,2.5e-05,0
0,112,0.0001,0
0,112,0.0004,0
0,112,0.0016,0
0,113,2.5e-05,0
0,113,0.0001,0
0,113,0.0004,0
0,113,0.0016,0
0,114,2.5e-05,0
0,114,0.0001,0
0,114,0.0004,0
0,114,0.0016,0
0,115,2.5e-05,0
0,115,0.0001,0
0,115,0.0004,0
0,115,0.0016,0
0,116,2.5e-05,0
0,116,0.0001,0
0,116,0.0004,0
0,116,0.0016,0
0,117,2.5e-05,0
0,117,0.0001,0
0,117,0.0004,0
0,117,0.0016,2
0,118,2.5e-05,0
0,118,0.0001,0
0,118,0.0004,0
0,118,0.0016,3
0,119,2.5e-05,0
0,119,0.0001,0
0,119,0.0004,0
0,119,0.0016,3
0,120,2.5e-05,0
0,120,0.0001,0
0,120,0.0004,0
0,120,0.0016,4
0,121,2.5e-05,0
0,121,0.0001,0
0,121,0.0004,0
0,121,0.0016,4
0,122,2.5e-05,0
0,122,0.0001,0
0,122,0.0004,0
0,122,0.0016,4
0,123,2.5e-05,0
0,123,0.0001,0
0,123,0.0004,0
0,123,0.0016,4
0,124,2.5e-05,0
0,124,0.0001,0
0,124,0.0004,0
0,124,0.0016,4
0,125,2.5e-05,0
0,125,0.0001,0
0,125,0.0004,0
0,125,0.0016,3
0,126,2.5e-05,0
0,126,0.0001,0
0,126,0.0004,0
0,126,0.0016,2
0,127,2.5e-05,0
0,127,0.0001,0
0,127,0.0004,0
0,127,0.0016,1
0,128,2.5e-05,0
0,128,0.0001,0
0,128,0.0004,0
0,128,0.0016,0
0,129,2.5e-05,0
0,129,0.0001,0
0,129,0.0004,0
0,129,0.0016,0
0,130,2.5e-05,0
0,130,0.0001,0
0,130,0.0004,0
0,130,0.0016,0
0,131,2.5e-05,0
0,131,0.0001,0
0,131,0.0004,0
0,131,0.0016,0
0,132,2.5e-05,0
0,132,0.0001,0
0,132,0.0004,0
0,132,0.0016,0
0,133,2.5e-05,0
0,133,0.0001,0
0,133,0.0004,0
0,133,0.0016,0
0,134,2.5e-05,0
0,134,0.0001,0
0,134,0.0004,0
0,134,0.0016,0
0,135,2.5e-05,0
0,135,0.0001,0
0,135,0.0004,0
0,135,0.0016,0
0,136,2.5e-05,0
0,136,0.0001,0
0,136,0.0004,0
0,136,0.0016,0
0,137,2.5e-05,0
0,137,0.0001,0
0,137,0.0004,0
0,137,0.0016,0
0,138,2.5e-05,0
0,138,0.0001,0
0,138,0.0004,0
0,138,0.0016,2
0,139,2.5e-05,0
0,139,0.0001,0
0,139,0.0004,0
0,139,0.0016,3
0,140,2.5e-05,0
0,140,0.0001,0
0,140,0.0004,0
0,140,0.0016,4
0,141,2.5e-05,0
0,141,0.0001,0
0,141,0.0004,0
0,141,0.0016,5
0,142,2.5e-05,0
0,142,0.0001,0
0,142,0.0004,0
0,142,0.0016,5
0,143,2.5e-05,0
0,143,0.0001,0
0,143,0.0004,0
0,143,0.0016,5
0,144,2.5e-05,0
0,144,0.0001,0
0,144,0.0004,0
0,144,0.0016,5
0,145,2.5e-05,0
0,145,0.0001,0
0,145,0.0004,0
0,145,0.0016,5
0,146,2.5e-05,0
0,146,0.0001,0
0,146,0.0004,0
0,146,0.0016,5
0,147,2.5e-05,0
0,147,0.0001,0
0,147,0.0004,0
0,147,0.0016,4
0,148,2.5e-05,0
0,148,0.0001,0
0,148,0.0004,0
0,148,0.0016,3
0,149,2.5e-05,0
0,149,0.0001,0
0,149,0.0004,0
0,149,0.0016,2
0,150,2.5e-05,0
0,150,0.0001,0
0,150,0.0004,0
0,150,0.0016,1
0,151,2.5e-05,0
0,151,0.0001,0
0,151,0.0004,0
0,151,0.0016,0
0,152,2.5e-05,0
0,152,0.0001,0
0,152,0.0004,0
0,152,0.0016,0
0,153,2.5e-05,0
0,153,0.0001,0
0,153,0.0004,0
0,153,0.0016,0
0,154,2.5e-05,0
0,154,0.0001,0
0,154,0.0004,0
0,154,0.0016,0
0,155,2.5e-05,0
0,155,0.0001,0
0,155,0.0004,0
0,155,0.0016,0
0,156,2.5e-05,0
0,156,0.0001,0
0,156,0.0004,0
0,156,0.0016,0
0,157,2.5e-05,0
0,157,0.0001,0
0,157,0.0004,0
0,157,0.0016,0
0,158,2.5e-05,0
0,158,0.0001,0
0,158,0.0004,0
0,158,0.0016,0
0,159,2.5e-05,0
0,159,0.0001,0
0,159,0.0004,0
0,159,0.0016,1
0,160,2.5e-05,0
0,160,0.0001,0
0,160,0.0004,0
0,160,0.0016,3
0,161,2.5e-05,0
0,161,0.0001,0
0,161,0.0004,0
0,161,0.0016,4
0,162,2.5e-05,0
0,162,0.0001,0
0,162,0.0004,0
0,162,0.0016,5
0,163,2.5e-05,0
0,163,0.0001,0
0,163,0.0004,0
0,163,0.0016,5
0,164,2.5e-05,0
0,164,0.0001,0
0,164,0.0004,0
0,164,0.0016,6
0,165,2.5e-05,0
0,165,0.0001,0
0,165,0.0004,0
0,165,0.0016,6
0,166,2.5e-05,0
0,166,0.0001,0
0,166,0.0004,0
0,166,0.0016,6
0,167,2.5e-05,0
0,167,0.0001,0
0,167,0.0004,0
0,167,0.0016,6
0,168,2.5e-05,0
0,168,0.0001,0
0,168,0.0004,0
0,168,0.0016,5
0,169,2.5e-05,0
0,169,0.0001,0
0,169,0.0004,0
0,169,0.0016,5
0,170,2.5e-05,0
0,170,0.0001,0
0,170,0.0004,0
0,170,0.0016,4
0,171,2.5e-05,0
0,171,0.0001,0
0,171,0.0004,0
0,171,0.0016,3
0,172,2.5e-05,0
0,172,0.0001,0
0,172,0.0004,0
0,172,0.0016,2
0,173,2.5e-05,0
0,173,0.0001,0
0,173,0.0004,0
0,173,0.0016,0
0,174,2.5e-05,0
0,174,0.0001,0
0,174,0.0004,0
0,174,0.0016,0
0,175,2.5e-05,0
0,175,0.0001,0
0,175,0.0004,0
0,175,0.0016,0
0,176,2.5e-05,0
0,176,0.0001,0
0,176,0.0004,0
0,176,0.0016,0
0,177,2.5e-05,0
0,177,0.0001,0
0,177,0.0004,0
0,177,0.0016,0
0,178,2.5e-05,0
0,178,0.0001,0
0,178,0.0004,0
0,178,0.0016,0
0,179,2.5e-05,0
0,179,0.0001,0
0,179,0.0004,0
0,179,0.0016,0
0,180,2.5e-05,0
0,180,0.0001,0
0,180,0.0004,0
0,180,0.0016,0
0,181,2.5e-05,0
0,181,0.0001,0
0,181,0.0004,0
0,181,0.0016,2
0,182,2.5e-05,0
0,182,0.0001,0
0,182,0.0004,0
0,182,0.0016,4
0,183,2.5e-05,0
0,183,0.0001,0
0,183,0.0004,0
0,183,0.0016,5
0,184,2.5e-05,0
0,184,0.0001,0
0,184,0.0004,0
0,184,0.0016,5
0,185,2.5e-05,0
0,185,0.0001,0
0,185,0.0004,0
0,185,0.0016,6
0,186,2.5e-05,0
0,186,0.0001,0
0,186,0.0004,0
0,186,0.0016,6
0,187,2.5e-05,0
0,187,0.0001,0
0,187,0.0004,0
0,187,0.0016,7
0,188,2.5e-05,0
0,188,0.0001,0
0,188,0.0004,0
0,188,0.0016,7
0,189,2.5e-05,0
0,189,0.0001,0
0,189,0.0004,0
0,189,0.0016,6
0,190,2.5e-05,0
0,190,0.0001,0
0,190,0.0004,0
0,190,0.0016,6
0,191,2.5e-05,0
0,191,0.0001,0
0,191,0.0004,0
0,191,0.0016,6
0,192,2.5e-05,0
0,192,0.0001,0
0,192,0.0004,0
0,192,0.0016,5
0,193,2.5e-05,0
0,193,0.0001,0
0,193,0.0004,0
0,193,0.0016,4
0,194,2.5e-05,0
0,194,0.0001,0
0,194,0.0004,0
0,194,0.0016,3
0,195,2.5e-05,0
0,195,0.0001,0
0,195,0.0004,0
0,195,0.0016,1
0,196,2.5e-05,0
0,196,0.0001,0
0,196,0.0004,0
0,196,0.0016,0
0,197,2.5e-05,0
0,197,0.0001,0
0,197,0.0004,0
0,197,0.0016,0
0,198,2.5e-05,0
0,198,0.0001,0
0,198,0.0004,0
0,198,0.0016,0
0,199,2.5e-05,0
0,199,0.0001,0
0,199,0.0004,0
0,199,0.0016,0
0,200,2.5e-05,0
0,200,0.0001,0
0,200,0.0004,0
0,200,0.0016,0
0,201,2.5e-05,0
0,201,0.0001,0
0,201,0.0004,0
0,201,0.0016,0
0,202,2.5e-05,0
0,202,0.0001,0
0,202,0.0004,0
0,202,0.0016,1
0,203,2.5e-05,0
0,203,0.0001,0
0,203,0.0004,0
0,203,0.0016,3
0,204,2.5e-05,0
0,204,0.0001,0
0,204,0.0004,0
0,204,0.0016,4
0,205,2.5e-05,0
0,205,0.0001,0
0,205,0.0004,0
0,205,0.0016,5
0,206,2.5e-05,0
0,206,0.0001,0
0,206,0.0004,0
0,206,0.0016,6
0,207,2.5e-05,0
0,207,0.0001,0
0,207,0.0004,0
0,207,0.0016,6
0,208,2.5e-05,0
0,208,0.0001,0
0,208,0.0004,0
0,208,0.0016,7
0,209,2.5e-05,0
0,209,0.0001,0
0,209,0.0004,1
0,209,0.0016,7
0,210,2.5e-05,0
0,210,0.0001,0
0,210,0.0004,1
0,210,0.0016,7
0,211,2.5e-05,0
0,211,0.0001,0
0,211,0.0004,0
0,211,0.0016,7
0,212,2.5e-05,0
0,212,0.0001,0
0,212,0.0004,0
0,212,0.0016,7
0,213,2.5e-05,0
0,213,0.0001,0
0,213,0.0004,0
0,213,0.0016,6
0,214,2.5e-05,0
0,214,0.0001,0
0,214,0.0004,0
0,214,0.0016,5
0,215,2.5e-05,0
0,215,0.0001,0
0,215,0.0004,0
0,215,0.0016,4
0,216,2.5e-05,0
0,216,0.0001,0
0,216,0.0004,0
0,216,0.0016,3
0,217,2.5e-05,0
0,217,0.0001,0
0,217,0.0004,0
0,217,0.0016,2
0,218,2.5e-05,0
0,218,0.0001,0
0,218,0.0004,0
0,218,0.0016,0
0,219,2.5e-05,0
0,219,0.0001,0
0,219,0.0004,0
0,219,0.0016,0
0,220,2.5e-05,0
0,220,0.0001,0
0,220,0.0004,0
0,220,0.0016,0
0,221,2.5e-05,0
0,221,0.0001,0
0,221,0.0004,0
0,221,0.0016,0
0,222,2.5e-05,0
0,222,0.0001,0
0,222,0.0004,0
0,222,0.0016,0
0,223,2.5e-05,0
0,223,0.0001,0
0,223,0.0004,0
0,223,0.0016,0
0,224,2.5e-05,0
0,224,0.0001,0
0,224,0.0004,0
0,224,0.0016,2
0,225,2.5e-05,0
0,225,0.0001,0
0,225,0.0004,0
0,225,0.0016,3
0,226,2.5e-05,0
0,226,0.0001,0
0,226,0.0004,0
0,226,0.0016,4
0,227,2.5e-05,0
0,227,0.0001,0
0,227,0.0004,0
0,227,0.0016,5
0,228,2.5e-05,0
0,228,0.0001,0
0,228,0.0004,0
0,228,0.0016,6
0,229,2.5e-05,0
0,229,0.0001,0
0,229,0.0004,0
0,229,0.0016,7
0,230,2.5e-05,0
0,230,0.0001,0
0,230,0.0004,1
0,230,0.0016,7
0,231,2.5e-05,0
0,231,0.0001,0
0,231,0.0004,1
0,231,0.0016,7
0,232,2.5e-05,0
0,232,0.0001,0
0,232,0.0004,1
0,232,0.0016,7
0,233,2.5e-05,0
0,233,0.0001,0
0,233,0.0004,1
0,233,0.0016,7
0,234,2.5e-05,0
0,234,0.0001,0
0,234,0.0004,0
0,234,0.0016,7
0,235,2.5e-05,0
0,235,0.0001,0
0,235,0.0004,0
0,235,0.0016,6
0,236,2.5e-05,0
0,236,0.0001,0
0,236,0.0004,0
0,236,0.0016,6
0,237,2.5e-05,0
0,237,0.0001,0
0,237,0.0004,0
0,237,0.0016,5
0,238,2.5e-05,0
0,238,0.0001,0
0,238,0.0004,0
0,238,0.0016,4
0,239,2.5e-05,0
0,239,0.0001,0
0,239,0.0004,0
0,239,0.0016,2
0,240,2.5e-05,0
0,240,0.0001,0
0,240,0.0004,0
0,240,0.0016,0
0,241,2.5e-05,0
0,241,0.0001,0
0,241,0.0004,0
0,241,0.0016,0
0,242,2.5e-05,0
0,242,0.0001,0
0,242,0.0004,0
0,242,0.0016,0
0,243,2.5e-05,0
0,243,0.0001,0
0,243,0.0004,0
0,243,0.0016,0
0,244,2.5e-05,0
0,244,0.0001,0
0,244,0.0004,0
0,244,0.0016,0
0,245,2.5e-05,0
0,245,0.0001,0
0,245,0.0004,0
0,245,0.0016,0
0,246,2.5e-05,0
0,246,0.0001,0
0,246,0.0004,0
0,246,0.0016,2
0,247,2.5e-05,0
0,247,0.0001,0
0,247,0.0004,0
0,247,0.0016,3
0,248,2.5e-05,0
0,248,0.0001,0
0,248,0.0004,0
0,248,0.0016,5
0,249,2.5e-05,0
0,249,0.0001,0
0,249,0.0004,0
0,249,0.0016,6
0,250,2.5e-05,0
0,250,0.0001,0
0,250,0.0004,0
0,250,0.0016,6
0,251,2.5e-05,0
0,251,0.0001,0
0,251,0.0004,0
0,251,0.0016,7
0,252,2.5e-05,0
0,252,0.0001,0
0,252,0.0004,1
0,252,0.0016,7
0,253,2.5e-05,0
0,253,0.0001,0
0,253,0.0004,1
0,253,0.0016,7
0,254,2.5e-05,0
0,254,0.0001,0
0,254,0.0004,1
0,254,0.0016,7
0,255,2.5e-05,0
0,255,0.0001,0
0,255,0.0004,1
0,255,0.0016,7
0,256,2.5e-05,0
0,256,0.0001,0
0,256,0.0004,0
0,256,0.0016,7
0,257,2.5e-05,0
0,257,0.0001,0
0,257,0.0004,0
0,257,0.0016,6
0,258,2.5e-05,0
0,258,0.0001,0
0,258,0.0004,0
0,258,0.0016,6
0,259,2.5e-05,0
0,259,0.0001,0
0,259,0.0004,0
0,259,0.0016,5
0,260,2.5e-05,0
0,260,0.0001,0
0,260,0.0004,0
0,260,0.0016,4
0,261,2.5e-05,0
0,261,0.0001,0
0,261,0.0004,0
0,261,0.0016,2
0,262,2.5e-05,0
0,262,0.0001,0
0,262,0.0004,0
0,262,0.0016,0
0,263,2.5e-05,0
0,263,0.0001,0
0,263,0.0004,0
0,263,0.0016,0
0,264,2.5e-05,0
0,264,0.0001,0
0,264,0.0004,0
0,264,0.0016,0
0,265,2.5e-05,0
0,265,0.0001,0
0,265,0.0004,0
0,265,0.0016,0
0,266,2.5e-05,0
0,266,0.0001,0
0,266,0.0004,0
0,266,0.0016,0
0,267,2.5e-05,0
0,267,0.0001,0
0,267,0.0004,0
0,267,0.0016,0
0,268,2.5e-05,0
0,268,0.0001,0
0,268,0.0004,0
0,268,0.0016,2
0,269,2.5e-05,0
0,269,0.0001,0
0,269,0.0004,0
0,269,0.0016,3
0,270,2.5e-05,0
0,270,0.0001,0
0,270,0.0004,0
0,270,0.0016,4
0,271,2.5e-05,0
0,271,0.0001,0
0,271,0.0004,0
0,271,0.0016,5
0,272,2.5e-05,0
0,272,0.0001,0
0,272,0.0004,0
0,272,0.0016,6
0,273,2.5e-05,0
0,273,0.0001,0
0,273,0.0004,0
0,273,0.0016,7
0,274,2.5e-05,0
0,274,0.0001,0
0,274,0.0004,1
0,274,0.0016,7
0,275,2.5e-05,0
0,275,0.0001,0
0,275,0.0004,1
0,275,0.0016,7
0,276,2.5e-05,0
0,276,0.0001,0
0,276,0.0004,1
0,276,0.0016,7
0,277,2.5e-05,0
0,277,0.0001,0
0,277,0.0004,1
0,277,0.0016,7
0,278,2.5e-05,0
0,278,0.0001,0
0,278,0.0004,0
0,278,0.0016,7
0,279,2.5e-05,0
0,279,0.0001,0
0,279,0.0004,0
0,279,0.0016,6
0,280,2.5e-05,0
0,280,0.0001,0
0,280,0.0004,0
0,280,0.0016,6
0,281,2.5e-05,0
0,281,0.0001,0
0,281,0.0004,0
0,281,0.0016,5
0,282,2.5e-05,0
0,282,0.0001,0
0,282,0.0004,0
0,282,0.0016,4
0,283,2.5e-05,0
0,283,0.0001,0
0,283,0.0004,0
0,283,0.0016,2
0,284,2.5e-05,0
0,284,0.0001,0
0,284,0.0004,0
0,284,0.0016,0
0,285,2.5e-05,0
0,285,0.0001,0
0,285,0.0004,0
0,285,0.0016,0
0,286,2.5e-05,0
0,286,0.0001,0
0,286,0.0004,0
0,286,0.0016,0
0,287,2.5e-05,0
0,287,0.0001,0
0,287,0.0004,0
0,287,0.0016,0
0,288,2.5e-05,0
0,288,0.0001,0
0,288,0.0004,0
0,288,0.0016,0
0,289,2.5e-05,0
0,289,0.0001,0
0,289,0.0004,0
0,289,0.0016,0
0,290,2.5e-05,0
0,290,0.0001,0
0,290,0.0004,0
0,290,0.0016,1
0,291,2.5e-05,0
0,291,0.0001,0
0,291,0.0004,0
0,291,0.0016,3
0,292,2.5e-05,0
0,292,0.0001,0
0,292,0.0004,0
0,292,0.0016,4
0,293,2.5e-05,0
0,293,0.0001,0
0,293,0.0004,0
0,293,0.0016,5
0,294,2.5e-05,0
0,294,0.0001,0
0,294,0.0004,0
0,294,0.0016,6
0,295,2.5e-05,0
0,295,0.0001,0
0,295,0.0004,0
0,295,0.0016,6
0,296,2.5e-05,0
0,296,0.0001,0
0,296,0.0004,0
0,296,0.0016,7
0,297,2.5e-05,0
0,297,0.0001,0
0,297,0.0004,1
0,297,0.0016,7
0,298,2.5e-05,0
0,298,0.0001,0
0,298,0.0004,1
0,298,0.0016,7
0,299,2.5e-05,0
0,299,0.0001,0
0,299,0.0004,0
0,299,0.0016,7
0,300,2.5e-05,0
0,300,0.0001,0
0,300,0.0004,0
0,300,0.0016,7
0,301,2.5e-05,0
0,301,0.0001,0
0,301,0.0004,0
0,301,0.0016,6
0,302,2.5e-05,0
0,302,0.0001,0
0,302,0.0004,0
0,302,0.0016,5
0,303,2.5e-05,0
0,303,0.0001,0
0,303,0.0004,0
0,303,0.0016,4
0,304,2.5e-05,0
0,304,0.0001,0
0,304,0.0004,0
0,304,0.0016,3
0,305,2.5e-05,0
0,305,0.0001,0
0,305,0.0004,0
0,305,0.0016,2
0,306,2.5e-05,0
0,306,0.0001,0
0,306,0.0004,0
0,306,0.0016,0
0,307,2.5e-05,0
0,307,0.0001,0
0,307,0.0004,0
0,307,0.0016,0
0,308,2.5e-05,0
0,308,0.0001,0
0,308,0.0004,0
0,308,0.0016,0
0,309,2.5e-05,0
0,309,0.0001,0
0,309,0.0004,0
0,309,0.0016,0
0,310,2.5e-05,0
0,310,0.0001,0
0,310,0.0004,0
0,310,0.0016,0
0,311,2.5e-05,0
0,311,0.0001,0
0,311,0.0004,0
0,311,0.0016,0
0,312,2.5e-05,0
0,312,0.0001,0
0,312,0.0004,0
0,312,0.0016,0
0,313,2.5e-05,0
0,313,0.0001,0
0,313,0.0004,0
0,313,0.0016,2
0,314,2.5e-05,0
0,314,0.0001,0
0,314,0.0004,0
0,314,0.0016,4
0,315,2.5e-05,0
0,315,0.0001,0
0,315,0.0004,0
0,315,0.0016,5
0,316,2.5e-05,0
0,316,0.0001,0
0,316,0.0004,0
0,316,0.0016,5
0,317,2.5e-05,0
0,317,0.0001,0
0,317,0.0004,0
0,317,0.0016,6
0,318,2.5e-05,0
0,318,0.0001,0
0,318,0.0004,0
0,318,0.0016,6
0,319,2.5e-05,0
0,319,0.0001,0
0,319,0.0004,0
0,319,0.0016,7
0,320,2.5e-05,0
0,320,0.0001,0
0,320,0.0004,0
0,320,0.0016,7
0,321,2.5e-05,0
0,321,0.0001,0
0,321,0.0004,0
0,321,0.0016,6
0,322,2.5e-05,0
0,322,0.0001,0
0,322,0.0004,0
0,322,0.0016,6
0,323,2.5e-05,0
0,323,0.0001,0
0,323,0.0004,0
0,323,0.0016,6
0,324,2.5e-05,0
0,324,0.0001,0
0,324,0.0004,0
0,324,0.0016,5
0,325,2.5e-05,0
0,325,0.0001,0
0,325,0.0004,0
0,325,0.0016,4
0,326,2.5e-05,0
0,326,0.0001,0
0,326,0.0004,0
0,326,0.0016,3
0,327,2.5e-05,0
0,327,0.0001,0
0,327,0.0004,0
0,327,0.0016,1
0,328,2.5e-05,0
0,328,0.0001,0
0,328,0.0004,0
0,328,0.0016,0
0,329,2.5e-05,0
0,329,0.0001,0
0,329,0.0004,0
0,329,0.0016,0
0,330,2.5e-05,0
0,330,0.0001,0
0,330,0.0004,0
0,330,0.0016,0
0,331,2.5e-05,0
0,331,0.0001,0
0,331,0.0004,0
0,331,0.0016,0
0,332,2.5e-05,0
0,332,0.0001,0
0,332,0.0004,0
0,332,0.0016,0
0,333,2.5e-05,0
0,333,0.0001,0
0,333,0.0004,0
0,333,0.0016,0
0,334,2.5e-05,0
0,334,0.0001,0
0,334,0.0004,0
0,334,0.0016,0
0,335,2.5e-05,0
0,335,0.0001,0
0,335,0.0004,0
0,335,0.0016,1
0,336,2.5e-05,0
0,336,0.0001,0
0,336,0.0004,0
0,336,0.0016,3
0,337,2.5e-05,0
0,337,0.0001,0
0,337,0.0004,0
0,337,0.0016,4
0,338,2.5e-05,0
0,338,0.0001,0
0,338,0.0004,0
0,338,0.0016,5
0,339,2.5e-05,0
0,339,0.0001,0
0,339,0.0004,0
0,339,0.0016,5
0,340,2.5e-05,0
0,340,0.0001,0
0,340,0.0004,0
0,340,0.0016,6
0,341,2.5e-05,0
0,341,0.0001,0
0,341,0.0004,0
0,341,0.0016,6
0,342,2.5e-05,0
0,342,0.0001,0
0,342,0.0004,0
0,342,0.0016,6
0,343,2.5e-05,0
0,343,0.0001,0
0,343,0.0004,0
0,343,0.0016,6
0,344,2.5e-05,0
0,344,0.0001,0
0,344,0.0004,0
0,344,0.0016,5
0,345,2.5e-05,0
0,345,0.0001,0
0,345,0.0004,0
0,345,0.0016,5
0,346,2.5e-05,0
0,346,0.0001,0
0,346,0.0004,0
0,346,0.0016,4
0,347,2.5e-05,0
0,347,0.0001,0
0,347,0.0004,0
0,347,0.0016,3
0,348,2.5e-05,0
0,348,0.0001,0
0,348,0.0004,0
0,348,0.0016,2
0,349,2.5e-05,0
0,349,0.0001,0
0,349,0.0004,0
0,349,0.0016,0
0,350,2.5e-05,0
0,350,0.0001,0
0,350,0.0004,0
0,350,0.0016,0
0,351,2.5e-05,0
0,351,0.0001,0
0,351,0.0004,0
0,351,0.0016,0
0,352,2.5e-05,0
0,352,0.0001,0
0,352,0.0004,0
0,352,0.0016,0
0,353,2.5e-05,0
0,353,0.0001,0
0,353,0.0004,0
0,353,0.0016,0
0,354,2.5e-05,0
0,354,0.0001,0
0,354,0.0004,0
0,354,0.0016,0
0,355,2.5e-05,0
0,355,0.0001,0
0,355,0.0004,0
0,355,0.0016,0
0,356,2.5e-05,0
0,356,0.0001,0
0,356,0.0004,0
0,356,0.0016,0
0,357,2.5e-05,0
0,357,0.0001,0
0,357,0.0004,0
0,357,0.0016,0
0,358,2.5e-05,0
0,358,0.0001,0
0,358,0.0004,0
0,358,0.0016,2
0,359,2.5e-05,0
0,359,0.0001,0
0,359,0.0004,0
0,359,0.0016,3
0,360,2.5e-05,0
0,360,0.0001,0
0,360,0.0004,0
0,360,0.0016,4
0,361,2.5e-05,0
0,361,0.0001,0
0,361,0.0004,0
0,361,0.0016,5
0,362,2.5e-05,0
0,362,0.0001,0
0,362,0.0004,0
0,362,0.0016,5
0,363,2.5e-05,0
0,363,0.0001,0
0,363,0.0004,0
0,363,0.0016,5
0,364,2.5e-05,0
0,364,0.0001,0
0,364,0.0004,0
0,364,0.0016,5
0,365,2.5e-05,0
0,365,0.0001,0
0,365,0.0004,0
0,365,0.0016,5
0,366,2.5e-05,0
0,366,0.0001,0
0,366,0.0004,0
0,366,0.0016,5
0,367,2.5e-05,0
0,367,0.0001,0
0,367,0.0004,0
0,367,0.0016,4
0,368,2.5e-05,0
0,368,0.0001,0
0,368,0.0004,0
0,368,0.0016,3
0,369,2.5e-05,0
0,369,0.0001,0
0,369,0.0004,0
0,369,0.0016,2
0,370,2.5e-05,0
0,370,0.0001,0
0,370,0.0004,0
0,370,0.0016,1
0,371,2.5e-05,0
0,371,0.0001,0
0,371,0.0004,0
0,371,0.0016,0
0,372,2.5e-05,0
0,372,0.0001,0
0,372,0.0004,0
0,372,0.0016,0
0,373,2.5e-05,0
0,373,0.0001,0
0,373,0.0004,0
0,373,0.0016,0
0,374,2.5e-05,0
0,374,0.0001,0
0,374,0.0004,0
0,374,0.0016,0
0,375,2.5e-05,0
0,375,0.0001,0
0,375,0.0004,0
0,375,0.0016,0
0,376,2.5e-05,0
0,376,0.0001,0
0,376,0.0004,0
0,376,0.0016,0
0,377,2.5e-05,0
0,377,0.0001,0
0,377,0.0004,0
0,377,0.0016,0
0,378,2.5e-05,0
0,378,0.0001,0
0,378,0.0004,0
0,378,0.0016,0
0,379,2.5e-05,0
0,379,0.0001,0
0,379,0.0004,0
0,379,0.0016,0
0,380,2.5e-05,0
0,380,0.0001,0
0,380,0.0004,0
0,380,0.0016,0
0,381,2.5e-05,0
0,381,0.0001,0
0,381,0.0004,0
0,381,0.0016,2
0,382,2.5e-05,0
0,382,0.0001,0
0,382,0.0004,0
0,382,0.0016,3
0,383,2.5e-05,0
0,383,0.0001,0
0,383,0.0004,0
0,383,0.0016,3
0,384,2.5e-05,0
0,384,0.0001,0
0,384,0.0004,0
0,384,0.0016,4
0,385,2.5e-05,0
0,385,0.0001,0
0,385,0.0004,0
0,385,0.0016,4
0,386,2.5e-05,0
0,386,0.0001,0
0,386,0.0004,0
0,386,0.0016,4
0,387,2.5e-05,0
0,387,0.0001,0
0,387,0.0004,0
0,387,0.0016,4
0,388,2.5e-05,0
0,388,0.0001,0
0,388,0.0004,0
0,388,0.0016,4
0,389,2.5e-05,0
0,389,0.0001,0
0,389,0.0004,0
0,389,0.0016,3
0,390,2.5e-05,0
0,390,0.0001,0
0,390,0.0004,0
0,390,0.0016,2
0,391,2.5e-05,0
0,391,0.0001,0
0,391,0.0004,0
0,391,0.0016,1
0,392,2.5e-05,0
0,392,0.0001,0
0,392,0.0004,0
0,392,0.0016,0
0,393,2.5e-05,0
0,393,0.0001,0
0,393,0.0004,0
0,393,0.0016,0
0,394,2.5e-05,0
0,394,0.0001,0
0,394,0.0004,0
0,394,0.0016,0
0,395,2.5e-05,0
0,395,0.0001,0
0,395,0.0004,0
0,395,0.0016,0
0,396,2.5e-05,0
0,396,0.0001,0
0,396,0.0004,0
0,396,0.0016,0
0,397,2.5e-05,0
0,397,0.0001,0
0,397,0.0004,0
0,397,0.0016,0
0,398,2.5e-05,0
0,398,0.0001,0
0,398,0.0004,0
0,398,0.0016,0
0,399,2.5e-05,0
0,399,0.0001,0
0,399,0.0004,0
0,399,0.0016,0
0,400,2.5e-05,0
0,400,0.0001,0
0,400,0.0004,0
0,400,0.0016,0
0,401,2.5e-05,0
0,401,0.0001,0
0,401,0.0004,0
0,401,0.0016,0
0,402,2.5e-05,0
0,402,0.0001,0
0,402,0.0004,0
0,402,0.0016,0
0,403,2.5e-05,0
0,403,0.0001,0
0,403,0.0004,0
0,403,0.0016,0
0,404,2.5e-05,0
0,404,0.0001,0
0,404,0.0004,0
0,404,0.0016,1
0,405,2.5e-05,0
0,405,0.0001,0
0,405,0.0004,0
0,405,0.0016,2
0,406,2.5e-05,0
0,406,0.0001,0
0,406,0.0004,0
0,406,0.0016,2
0,407,2.5e-05,0
0,407,0.0001,0
0,407,0.0004,0
0,407,0.0016,3
0,408,2.5e-05,0
0,408,0.0001,0
0,408,0.0004,0
0,408,0.0016,3
0,409,2.5e-05,0
0,409,0.0001,0
0,409,0.0004,0
0,409,0.0016,3
0,410,2.5e-05,0
0,410,0.0001,0
0,410,0.0004,0
0,410,0.0016,2
0,411,2.5e-05,0
0,411,0.0001,0
0,411,0.0004,0
0,411,0.0016,1
0,412,2.5e-05,0
0,412,0.0001,0
0,412,0.0004,0
0,412,0.0016,0
0,413,2.5e-05,0
0,413,0.0001,0
0,413,0.0004,0
0,413,0.0016,0
0,414,2.5e-05,0
0,414,0.0001,0
0,414,0.0004,0
0,414,0.0016,0
0,415,2.5e-05,0
0,415,0.0001,0
0,415,0.0004,0
0,415,0.0016,0
0,416,2.5e-05,0
0,416,0.0001,0
0,416,0.0004,0
0,416,0.0016,0
0,417,2.5e-05,0
0,417,0.0001,0
0,417,0.0004,0
0,417,0.0016,0
0,418,2.5e-05,0
0,418,0.0001,0
0,418,0.0004,0
0,418,0.0016,0
0,419,2.5e-05,0
0,419,0.0001,0
0,419,0.0004,0
0,419,0.0016,0
0,420,2.5e-05,0
0,420,0.0001,0
0,420,0.0004,0
0,420,0.0016,0
0,421,2.5e-05,0
0,421,0.0001,0
0,421,0.0004,0
0,421,0.0016,0
0,422,2.5e-05,0
0,422,0.0001,0
0,422,0.0004,0
0,422,0.0016,0
0,423,2.5e-05,0
0,423,0.0001,0
0,423,0.0004,0
0,423,0.0016,0
0,424,2.5e-05,0
0,424,0.0001,0
0,424,0.0004,0
0,424,0.0016,0
0,425,2.5e-05,0
0,425,0.0001,0
0,425,0.0004,0
0,425,0.0016,0
0,426,2.5e-05,0
0,426,0.0001,0
0,426,0.0004,0
0,426,0.0016,0
0,427,2.5e-05,0
0,427,0.0001,0
0,427,0.0004,0
0,427,0.0016,0
0,428,2.5e-05,0
0,428,0.0001,0
0,428,0.0004,0
0,428,0.0016,0
0,429,2.5e-05,0
0,429,0.0001,0
0,429,0.0004,0
0,429,0.0016,1
0,430,2.5e-05,0
0,430,0.0001,0
0,430,0.0004,0
0,430,0.0016,1
0,431,2.5e-05,0
0,431,0.0001,0
0,431,0.0004,0
0,431,0.0016,1
0,432,2.5e-05,0
0,432,0.0001,0
0,432,0.0004,0
0,432,0.0016,0
0,433,2.5e-05,0
0,433,0.0001,0
0,433,0.0004,0
0,433,0.0016,0
0,434,2.5e-05,0
0,434,0.0001,0
0,434,0.0004,0
0,434,0.0016,0
0,435,2.5e-05,0
0,435,0.0001,0
0,435,0.0004,0
0,435,0.0016,0
0,436,2.5e-05,0
0,436,0.0001,0
0,436,0.0004,0
0,436,0.0016,0
0,437,2.5e-05,0
0,437,0.0001,0
0,437,0.0004,0
0,437,0.0016,0
0,438,2.5e-05,0
0,438,0.0001,0
0,438,0.0004,0
0,438,0.0016,0
0,439,2.5e-05,0
0,439,0.0001,0
0,439,0.0004,0
0,439,0.0016,0
0,440,2.5e-05,0
0,440,0.0001,0
0,440,0.0004,0
0,440,0.0016,0
0,441,2.5e-05,0
0,441,0.0001,0
0,441,0.0004,0
0,441,0.0016,0
0,442,2.5e-05,0
0,442,0.0001,0
0,442,0.0004,0
0,442,0.0016,0
0,443,2.5e-05,0
0,443,0.0001,0
0,443,0.0004,0
0,443,0.0016,0
0,444,2.5e-05,0
0,444,0.0001,0
0,444,0.0004,0
0,444,0.0016,0
0,445,2.5e-05,0
0,445,0.0001,0
0,445,0.0004,0
0,445,0.0016,0
0,446,2.5e-05,0
0,446,0.0001,0
0,446,0.0004,0
0,446,0.0016,0
0,447,2.5e-05,0
0,447,0.0001,0
0,447,0.0004,0
0,447,0.0016,0
0,448,2.5e-05,0
0,448,0.0001,0
0,448,0.0004,0
0,448,0.0016,0
0,449,2.5e-05,0
0,449,0.0001,0
0,449,0.0004,0
0,449,0.0016,0
0,450,2.5e-05,0
0,450,0.0001,0
0,450,0.0004,0
0,450,0.0016,0
0,451,2.5e-05,0
0,451,0.0001,0
0,451,0.0004,0
0,451,0.0016,0
0,452,2.5e-05,0
0,452,0.0001,0
0,452,0.0004,0
0,452,0.0016,0
0,453,2.5e-05,0
0,453,0.0001,0
0,453,0.0004,0
0,453,0.0016,0
0,454,2.5e-05,0
0,454,0.0001,0
0,454,0.0004,0
0,454,0.0016,0
0,455,2.5e-05,0
0,455,0.0001,0
0,455,0.0004,0
0,455,0.0016,0
0,456,2.5e-05,0
0,456,0.0001,0
0,456,0.0004,0
0,456,0.0016,0
0,457,2.5e-05,0
0,457,0.0001,0
0,457,0.0004,0
0,457,0.0016,0
0,458,2.5e-05,0
0,458,0.0001,0
0,458,0.0004,0
0,458,0.0016,0
0,459,2.5e-05,0
0,459,0.0001,0
0,459,0.0004,0
0,459,0.0016,0
0,460,2.5e-05,0
0,460,0.0001,0
0,460,0.0004,0
0,460,0.0016,0
0,461,2.5e-05,0
0,461,0.0001,0
0,461,0.0004,0
0,461,0.0016,0
0,462,2.5e-05,0
0,462,0.0001,0
0,462,0.0004,0
0,462,0.0016,0
0,463,2.5e-05,0
0,463,0.0001,0
0,463,0.0004,0
0,463,0.0016,0
0,464,2.5e-05,0
0,464,0.0001,0
0,464,0.0004,0
0,464,0.0016,0
0,465,2.5e-05,0
0,465,0.0001,0
0,465,0.0004,0
0,465,0.0016,0
0,466,2.5e-05,0
0,466,0.0001,0
0,466,0.0004,0
0,466,0.0016,0
0,467,2.5e-05,0
0,467,0.0001,0
0,467,0.0004,0
0,467,0.0016,0
0,468,2.5e-05,0
0,468,0.0001,0
0,468,0.0004,0
0,468,0.0016,0
0,469,2.5e-05,0
0,469,0.0001,0
0,469,0.0004,0
0,469,0.0016,0
0,470,2.5e-05,0
0,470,0.0001,0
0,470,0.0004,0
0,470,0.0016,0
0,471,2.5e-05,0
0,471,0.0001,0
0,471,0.0004,0
0,471,0.0016,0
0,472,2.5e-05,0
0,472,0.0001,0
0,472,0.0004,0
0,472,0.0016,0
0,473,2.5e-05,0
0,473,0.0001,0
0,473,0.0004,0
0,473,0.0016,0
0,474,2.5e-05,0
0,474,0.0001,0
0,474,0.0004,0
0,474,0.0016,0
0,475,2.5e-05,0
0,475,0.0001,0
0,475,0.0004,0
0,475,0.0016,0
0,476,2.5e-05,0
0,476,0.0001,0
0,476,0.0004,0
0,476,0.0016,0
0,477,2.5e-05,0
0,477,0.0001,0
0,477,0.0004,0
0,477,0.0016,0
0,478,2.5e-05,0
0,478,0.0001,0
0,478,0.0004,0
0,478,0.0016,0
0,479,2.5e-05,0
0,479,0.0001,0
0,479,0.0004,0
0,479,0.0016,0
0,480,2.5e-05,0
0,480,0.0001,0
0,480,0.0004,0
0,480,0.0016,0
0,481,2.5e-05,0
0,481,0.0001,0
0,481,0.0004,0
0,481,0.0016,0
0,482,2.5e-05,0
0,482,0.0001,0
0,482,0.0004,0
0,482,0.0016,0
0,483,2.5e-05,0
0,483,0.0001,0
0,483,0.0004,0
0,483,0.0016,0
